<IATA_OrderSaleInformationNotificationRQ Version="1" PrimaryLangID="EN" AltLangID="EN" xmlns:xsd="http://www.w3.org/2001/XMLSchema" xmlns:altova="http://www.altova.com/xml-schema-extensions" xmlns:xsi="http://www.w3.org/2001/XMLSchema-instance">
	<Passengers>
		<Passenger PassengerID="PAX1">
			<Name>
				<Surname>Jones</Surname>
				<Given>John</Given>
			</Name>
			<PassengerTypeCode>ADT</PassengerTypeCode>
			<Contact>
				<EmailContact>
					<Address>john@passenger.com</Address>
				</EmailContact>
			</Contact>
		</Passenger>
		<Passenger PassengerID="PAX2">
			<Name>
				<Surname>Jones</Surname>
				<Given>Mary</Given>
			</Name>
			<PassengerTypeCode>ADT</PassengerTypeCode>
			<Contact>
				<EmailContact>
					<Address>mary@passenger.com</Address>
				</EmailContact>
			</Contact>
		</Passenger>
		<Passenger PassengerID="PAX3">
			<Name>
				<Surname>Jones</Surname>
				<Given>Lilly</Given>
			</Name>
			<PassengerTypeCode>INF</PassengerTypeCode>
			<Contact>
				<EmailContact>
					<Address>mary@passenger.com</Address>
				</EmailContact>
			</Contact>
		</Passenger>
	</Passengers>
	<Order OrderID="Order_1" Owner="Z9">
		<TotalOrderPrice>
			<SimpleCurrencyPrice Code="GBP">2200.00</SimpleCurrencyPrice>
		</TotalOrderPrice>
		<TotalOrderItemQuantity>2</TotalOrderItemQuantity>
		<TravelAgency>
			<AgencyID>Z9</AgencyID>
			<AgentUserID>rachel@jrt.com</AgentUserID>
		</TravelAgency>
		<ResponsibleAirline>Z9</ResponsibleAirline>
		<Date>2017-03-05</Date>
		<OrderItem OrderItemID="XXYYZZ-1" Owner="Z9">
			<Price>
				<ClassOfService>
					<Code>M</Code>
					<MarketingName>M-ESO</MarketingName>
				</ClassOfService>
				<Commission>
					<Amount Code="GBP">4.00</Amount>
				</Commission>
				<Amount Code="GBP">800.00</Amount>
				<PercentageValue>2</PercentageValue>
			</Price>
			<Service ServiceID="F1_PAX1" Owner="Z9">
				<ServiceStatus>Service Delivery READY TO PROCEED</ServiceStatus>
				<Segment>
					<SegmentKey>F1_PAX1_KEY</SegmentKey>
					<Status>
						<StatusCode>
							<Code>OK</Code>
						</StatusCode>
					</Status>
					<Departure>
						<AirportCode>LAX</AirportCode>
						<Date>2017-07-24</Date>
						<Time>09:35</Time>
					</Departure>
					<Arrival>
						<AirportCode>ORD</AirportCode>
						<Date>2017-07-24</Date>
						<Time>13:40</Time>
						<ChangeOfDay>0</ChangeOfDay>
					</Arrival>
					<MarketingCarrier>
						<AirlineID>Z9</AirlineID>
						<Name/>
						<FlightNumber>123</FlightNumber>
						<ResBookDesigCode>Y</ResBookDesigCode>
					</MarketingCarrier>
					<Details>
						<FlightDuration>
							<Value>PT4H5M</Value>
						</FlightDuration>
					</Details>
				</Segment>
				<ServiceType/>
				<ServiceInternalValue>sampleInternalValue</ServiceInternalValue>
			</Service>
			<Service ServiceID="F2_PAX1" Owner="Z9">
				<ServiceStatus>Service Delivery READY TO PROCEED</ServiceStatus>
				<Segment>
					<SegmentKey>F2_PAX1_KEY</SegmentKey>
					<Status>
						<StatusCode/>
					</Status>
					<Departure>
						<AirportCode>ORD</AirportCode>
						<Date>2017-07-28</Date>
						<Time>19:35</Time>
					</Departure>
					<Arrival>
						<AirportCode>LAX</AirportCode>
						<Date>2017-07-28</Date>
						<Time>23:40</Time>
						<ChangeOfDay>0</ChangeOfDay>
					</Arrival>
					<MarketingCarrier>
						<AirlineID>Z9</AirlineID>
						<Name/>
						<FlightNumber>456</FlightNumber>
						<ResBookDesigCode>Y</ResBookDesigCode>
					</MarketingCarrier>
					<Details>
						<FlightDuration>
							<Value>PT4H5M</Value>
						</FlightDuration>
					</Details>
				</Segment>
				<ServiceType/>
				<ServiceInternalValue>sampleInternalValue</ServiceInternalValue>
			</Service>
		</OrderItem>
		<OrderItem OrderItemID="XXYYZZ-2" Owner="Z9">
			<Price>
				<ClassOfService>
					<Code>M</Code>
					<MarketingName>M-ESO</MarketingName>
				</ClassOfService>
				<Commission>
					<Amount Code="GBP">4.00</Amount>
				</Commission>
				<Amount Code="GBP">800.00</Amount>
				<PercentageValue>2</PercentageValue>
			</Price>
			<Service ServiceID="F1_PAX2" Owner="Z9">
				<ServiceStatus>Service Delivery READY TO PROCEED</ServiceStatus>
				<Segment>
					<SegmentKey>F1_PAX2_KEY</SegmentKey>
					<Status>
						<StatusCode/>
					</Status>
					<Departure>
						<AirportCode>LAX</AirportCode>
						<Date>2017-07-24</Date>
						<Time>09:35</Time>
					</Departure>
					<Arrival>
						<AirportCode>ORD</AirportCode>
						<Date>2017-07-24</Date>
						<Time>13:40</Time>
						<ChangeOfDay>0</ChangeOfDay>
					</Arrival>
					<MarketingCarrier>
						<AirlineID>Z9</AirlineID>
						<Name/>
						<FlightNumber>123</FlightNumber>
						<ResBookDesigCode>Y</ResBookDesigCode>
					</MarketingCarrier>
					<Details>
						<FlightDuration>
							<Value>PT4H5M</Value>
						</FlightDuration>
					</Details>
				</Segment>
				<ServiceType/>
				<ServiceInternalValue>sampleInternalValue</ServiceInternalValue>
			</Service>
			<Service ServiceID="F2_PAX2" Owner="Z9">
				<ServiceStatus>Service Delivery READY TO PROCEED</ServiceStatus>
				<Segment>
					<SegmentKey>F2_PAX2_KEY</SegmentKey>
					<Status>
						<StatusCode/>
					</Status>
					<Departure>
						<AirportCode>ORD</AirportCode>
						<Date>2017-07-28</Date>
						<Time>19:35</Time>
					</Departure>
					<Arrival>
						<AirportCode>LAX</AirportCode>
						<Date>2017-07-28</Date>
						<Time>23:40</Time>
						<ChangeOfDay>0</ChangeOfDay>
					</Arrival>
					<MarketingCarrier>
						<AirlineID>Z9</AirlineID>
						<Name/>
						<FlightNumber>456</FlightNumber>
						<ResBookDesigCode>Y</ResBookDesigCode>
					</MarketingCarrier>
					<Details>
						<FlightDuration>
							<Value>PT4H5M</Value>
						</FlightDuration>
					</Details>
				</Segment>
				<ServiceType/>
				<ServiceInternalValue>sampleInternalValue</ServiceInternalValue>
			</Service>
		</OrderItem>
		<OrderItem OrderItemID="XXYYZZ-3" Owner="Z9">
			<Price>
				<ClassOfService>
					<Code>M</Code>
					<MarketingName>M-ESO</MarketingName>
				</ClassOfService>
				<Commission>
					<Amount Code="GBP">200.00</Amount>
				</Commission>
				<Amount Code="GBP">4.00</Amount>
				<PercentageValue>2</PercentageValue>
			</Price>
			<Service ServiceID="F1_PAX3" Owner="Z9">
				<ServiceStatus>Service Delivery READY TO PROCEED</ServiceStatus>
				<Segment>
					<SegmentKey>F1_PAX3_KEY</SegmentKey>
					<Status>
						<StatusCode/>
					</Status>
					<Departure>
						<AirportCode>LAX</AirportCode>
						<Date>2017-07-24</Date>
						<Time>09:35</Time>
					</Departure>
					<Arrival>
						<AirportCode>ORD</AirportCode>
						<Date>2017-07-24</Date>
						<Time>13:40</Time>
						<ChangeOfDay>0</ChangeOfDay>
					</Arrival>
					<MarketingCarrier>
						<AirlineID>Z9</AirlineID>
						<Name/>
						<FlightNumber>123</FlightNumber>
						<ResBookDesigCode>Y</ResBookDesigCode>
					</MarketingCarrier>
					<Details>
						<FlightDuration>
							<Value>PT4H5M</Value>
						</FlightDuration>
					</Details>
				</Segment>
				<ServiceType/>
				<ServiceInternalValue>sampleInternalValue</ServiceInternalValue>
			</Service>
			<Service ServiceID="F2_PAX3" Owner="Z9">
				<ServiceStatus>Service Delivery READY TO PROCEED</ServiceStatus>
				<Segment>
					<SegmentKey>F2_PAX3_KEY</SegmentKey>
					<Status>
						<StatusCode/>
					</Status>
					<Departure>
						<AirportCode>ORD</AirportCode>
						<Date>2017-07-28</Date>
						<Time>19:35</Time>
					</Departure>
					<Arrival>
						<AirportCode>LAX</AirportCode>
						<Date>2017-07-28</Date>
						<Time>23:40</Time>
						<ChangeOfDay>0</ChangeOfDay>
					</Arrival>
					<MarketingCarrier>
						<AirlineID>Z9</AirlineID>
						<Name/>
						<FlightNumber>456</FlightNumber>
						<ResBookDesigCode>Y</ResBookDesigCode>
					</MarketingCarrier>
					<Details>
						<FlightDuration>
							<Value>PT4H5M</Value>
						</FlightDuration>
					</Details>
				</Segment>
				<ServiceType/>
				<ServiceInternalValue>sampleInternalValue</ServiceInternalValue>
			</Service>
		</OrderItem>
		<OrderItem OrderItemID="XXYYZZ-4" Owner="Z9">
			<Price>
				<ClassOfService>
					<Code>M</Code>
					<MarketingName>M-ESO</MarketingName>
				</ClassOfService>
				<Commission>
					<Amount Code="GBP">1.00</Amount>
				</Commission>
				<Amount Code="GBP">60.00</Amount>
				<PercentageValue>2</PercentageValue>
			</Price>
			<Service ServiceID="S3_F1_PAX1" Owner="Z9">
				<ServiceStatus>Service Delivery READY TO PROCEED</ServiceStatus>
				<ServiceSelection>
					<ServiceDefinition ServiceDefinitionID="DEF_S3_F1_PAX1">
						<Name>Extra room preferred seat</Name>
						<Descriptions>
							<Description/>
						</Descriptions>
					</ServiceDefinition>
				</ServiceSelection>
				<ServiceType/>
				<ServiceInternalValue>sampleInternalValue</ServiceInternalValue>
			</Service>
			<Service ServiceID="S3_F2_PAX1" Owner="Z9">
				<ServiceStatus>Service Delivery READY TO PROCEED</ServiceStatus>
				<ServiceSelection>
					<ServiceDefinition ServiceDefinitionID="DEF_S3_F2_PAX1">
						<Name>Extra room preferred seat</Name>
						<Descriptions>
							<Description/>
						</Descriptions>
					</ServiceDefinition>
				</ServiceSelection>
				<ServiceType/>
				<ServiceInternalValue>sampleInternalValue</ServiceInternalValue>
			</Service>
		</OrderItem>
		<OrderItem OrderItemID="XXYYZZ-5" Owner="Z9">
			<Price>
				<ClassOfService>
					<Code>M</Code>
					<MarketingName>M-ESO</MarketingName>
				</ClassOfService>
				<Commission>
					<Amount Code="GBP">1.00</Amount>
				</Commission>
				<Amount Code="GBP">60.00</Amount>
				<PercentageValue>2</PercentageValue>
			</Price>
			<Service ServiceID="S1_F1_PAX2" Owner="Z9">
				<ServiceStatus>Service Delivery READY TO PROCEED</ServiceStatus>
				<ServiceSelection>
					<ServiceDefinition ServiceDefinitionID="DEF_S1_F1_PAX2">
						<Name>Lounge access</Name>
						<Descriptions>
							<Description/>
						</Descriptions>
					</ServiceDefinition>
				</ServiceSelection>
				<ServiceType/>
				<ServiceInternalValue>sampleInternalValue</ServiceInternalValue>
			</Service>
			<Service ServiceID="S1_F2_PAX2" Owner="Z9">
				<ServiceStatus>Service Delivery READY TO PROCEED</ServiceStatus>
				<ServiceSelection>
					<ServiceDefinition ServiceDefinitionID="DEF_S1_F2_PAX2">
						<Name>Lounge access</Name>
						<Descriptions>
							<Description/>
						</Descriptions>
					</ServiceDefinition>
				</ServiceSelection>
				<ServiceType/>
				<ServiceInternalValue>sampleInternalValue</ServiceInternalValue>
			</Service>
		</OrderItem>
		<OrderItem OrderItemID="XXYYZZ-6" Owner="Z9">
			<Price>
				<ClassOfService>
					<Code>M</Code>
					<MarketingName>M-ESO</MarketingName>
				</ClassOfService>
				<Commission>
					<Amount Code="GBP">1.00</Amount>
				</Commission>
				<Amount Code="GBP">80.00</Amount>
				<PercentageValue>2</PercentageValue>
			</Price>
			<Service ServiceID="S4_F1_PAX2" Owner="Z9">
				<ServiceStatus>Service Delivery READY TO PROCEED</ServiceStatus>
				<ServiceSelection>
					<ServiceDefinition ServiceDefinitionID="DEF_S4_F1_PAX2">
						<Name>Fly into Comfort</Name>
						<Descriptions>
							<Description/>
						</Descriptions>
					</ServiceDefinition>
				</ServiceSelection>
				<ServiceType/>
				<ServiceInternalValue>sampleInternalValue</ServiceInternalValue>
			</Service>
			<Service ServiceID="S4_F2_PAX2" Owner="Z9">
				<ServiceStatus>Service Delivery READY TO PROCEED</ServiceStatus>
				<ServiceSelection>
					<ServiceDefinition ServiceDefinitionID="DEF_S4_F2_PAX2">
						<Name>Fly into Comfort</Name>
						<Descriptions>
							<Description/>
						</Descriptions>
					</ServiceDefinition>
				</ServiceSelection>
				<ServiceType/>
				<ServiceInternalValue>sampleInternalValue</ServiceInternalValue>
			</Service>
		</OrderItem>
	</Order>
</IATA_OrderSaleInformationNotificationRQ>
